{"stats":{"minecraft:killed_by":{"minecraft:husk":1},"minecraft:killed":{"minecraft:husk":1},"minecraft:picked_up":{"minecraft:sand":6},"minecraft:custom":{"minecraft:jump":112,"minecraft:time_since_rest":2687,"minecraft:deaths":1,"minecraft:damage_dealt":300,"minecraft:crouch_one_cm":5,"minecraft:leave_game":1,"minecraft:play_time":5004,"minecraft:sprint_one_cm":11745,"minecraft:damage_taken":400,"minecraft:time_since_death":2663,"minecraft:walk_one_cm":12649,"minecraft:sneak_time":29,"minecraft:total_world_time":5004,"minecraft:mob_kills":1,"minecraft:fall_one_cm":2001,"minecraft:fly_one_cm":19569},"minecraft:mined":{"minecraft:sand":6}},"DataVersion":3465}